cluster,center_lat,center_lon,count
0,41.77839935213128,18.3042835930786,14
1,34.01328502587948,11.874871035163446,13
